Date,Product,Quantity,Total,Cashier
8/12/2026,TRAVEL BOTTLE 350ML,1,550,Owner
8/12/2026,Sugar,5,800,Owner
8/12/2026,Pika 10L,1,2650,Owner
8/12/2026,Shujaa 1Kg,1,85,Owner
8/12/2026,Toilet brush,1,150,Owner
8/12/2026,Afya Mangoe 500ml,2,160,Owner
8/12/2026,Kensalt 500g,1,30,Owner
8/12/2026,Omo kupima,0.34,51,Owner
8/12/2026,Tissue poa,1,20,Owner
8/12/2026,Yellow beans,1,150,Owner
8/12/2026,FARAGELLO,1,40,Owner
8/12/2026,Mount Kenya 200ml,1,30,Owner
8/12/2026,Eggs,2,34,Owner
8/11/2026,Kamande,6,1000,Owner
8/11/2026,Yellow beans,0,0,Owner
8/11/2026,Sugar,0.25,40,Owner
8/11/2026,Omo kupima,10,1300,Owner
8/11/2026,DAWN JUMBO 100M,30,3600,Owner
8/11/2026,Kitchen towel @150,2,200,Owner
8/11/2026,Kitchen towel @80,2,160,Owner
8/11/2026,Geisha soap 200g,25,3000,Owner
8/11/2026,Bathing towel,4,4600,Owner
8/11/2026,Match box,4,20,Owner
8/11/2026,Mwiko heavy,1,150,Owner
8/11/2026,Sumo candle,2,30,Owner
8/11/2026,Scour power scrubber,1,50,Owner
8/11/2026,YE-208-1,2,140,Owner
8/11/2026,"A.E.S.L, DIYA,P-2226, PLATES",1,120,Owner
8/11/2026,Kensalt 200g,1,15,Owner
8/11/2026,Mella mine DIYA 3001,2,180,Owner
8/11/2026,White metallic mug small,1,90,Owner
8/11/2026,Blue band 100g,1,80,Owner
8/11/2026,Yellow beans,2,300,Owner
8/11/2026,Predator,2,140,Owner
8/11/2026,Afya Mangoe 500ml,2,160,Owner
8/11/2026,Jiko No.2,1,300,Owner
8/11/2026,Kensalt 200g,2,30,Owner
8/11/2026,AJAB wheat flour 1kg,7,700,Owner
8/11/2026,Gomba,10,20,Owner
8/11/2026,Big G,10,50,Owner
8/11/2026,FARAGELLO,3,120,Owner
8/11/2026,Tissue poa,2,40,Owner
8/11/2026,Eggs,2,34,Owner
8/11/2026,"Ariel,sunlight,doffy",1,10,Owner
8/11/2026,Downy,5,100,Owner
8/11/2026,Omo kupima,0.33,49.5,Owner
8/11/2026,Sugar,4,640,Owner
8/11/2026,Mount Kenya 500ml,28,1680,Owner
8/9/2026,crow Brush @250,1,250,Owner
8/9/2026,"A.E.S.L, DIYA,P-2226, PLATES",1,120,Owner
